ref,numero expediente,titulo,descripcion,horas semanales,plazas,sueldo min.,sueldo max.,fecha de comienzo(dd mm aaaa),fecha de fin (dd mm aaaa),ref seccion
O1,45896,Auditor de seguridad part-time junior,Segurol S.A. busca estudiantes de Ingenieria en Computacion para unirse a su equipo. Se requiere un nivel minimo de conocimiento en seguridad informatica y programacion. Interesados enviar cv a oportunidades@segurol.com.uy,20,5,2000,3000,01 06 2015,20 07 2015,SE2
O2,12356,Ayudante de Ingeniero,Estamos buscando estudiantes avanzados de Ingenieria Electrica con perfil potencia. Es imprescindible tener disponibilidad para viajar al interior del pais una vez por mes. Se pagan viaticos ademas de sueldo. Llamar al 25225323 int 1205 para mas detalles.,30,2,4000,5000,20 05 2015,30 06 2015,SE10
O3,88890,Desarrollador C++,Buscamos desarrollador C++ para importante proyecto internacional. Llenar formulario con datos personales y cv en minisoft.uy/careers.,40,4,5000,6000,05 06 2015,06 08 2015,SE15
O4,49563,Estudiantes para dictar clases de Calculo I y II,Buscamos estudiantes de Ingenieria con Calculo 1 y 2 aprobadas. Deben tener disponibilidad horaria y gusto por enseñar. Enviar mail a academiayotexplico@gmail.com.,5,10,500,2000,10 09 2015,20 12 2015,SE22
